{"cameraMode":{"drawMode":0,"name":"Shaded","section":"Shading Mode"},"sceneLighting":false,"audioPlay":false,"sceneViewState":{"showFog":true,"showMaterialUpdate":false,"showSkybox":false,"showFlares":true,"showImageEffects":true,"showParticleSystems":true},"in2DMode":false,"pivot":{"x":14.44990348815918,"y":3.3452179431915285,"z":-11.681295394897461},"rotation":{"x":-0.28810709714889529,"y":0.3426893353462219,"z":-0.11095181852579117,"w":-0.8874415755271912},"size":4.041658878326416,"orthographic":false}